{"cameraMode":{"drawMode":0,"name":"Shaded","section":"Shading Mode"},"sceneLighting":true,"audioPlay":false,"sceneViewState":{"m_AlwaysRefresh":false,"showFog":true,"showSkybox":true,"showFlares":true,"showImageEffects":true,"showParticleSystems":true,"showVisualEffectGraphs":true,"m_FxEnabled":true},"in2DMode":false,"pivot":{"x":9.37263298034668,"y":-0.6655278205871582,"z":-7.880730628967285},"rotation":{"x":0.2885008752346039,"y":-0.027067076414823533,"z":0.007628857158124447,"w":0.9570913910865784},"size":14.500374794006348,"orthographic":false}